{"cameraMode":{"drawMode":0,"name":"Shaded","section":"Shading Mode"},"sceneLighting":false,"audioPlay":false,"sceneViewState":{"m_AlwaysRefresh":false,"showFog":true,"showSkybox":false,"showFlares":true,"showImageEffects":true,"showParticleSystems":true,"showVisualEffectGraphs":true,"m_FxEnabled":true},"in2DMode":false,"pivot":{"x":0.498064249753952,"y":-0.9085478782653809,"z":-0.11762809753417969},"rotation":{"x":-0.2119651436805725,"y":-0.10327427089214325,"z":0.02253441885113716,"w":-0.9715336561203003},"size":0.9228517413139343,"orthographic":false}